{
	"MGEval": {
		"total_used_pitch": {
			"ref_mean": 26.3,
			"ref_std": 6.442825467137846,
			"gen_mean": 34.35,
			"gen_std": 6.428646824954689,
			"ref_KL-div": 0.058671902768137246,
			"ref_overlap-area": 0.7529843701877309,
			"gen_KL-div": 0.023818611024819573,
			"gen_overlap-area": 0.7966149511354794
		},
		"total_pitch_class_histogram": {
			"ref_mean": 0.08333333333333333,
			"ref_std": 0.057513884688446426,
			"gen_mean": 0.08333333333333333,
			"gen_std": 0.046102762020104424,
			"ref_KL-div": 0.01422175096422798,
			"ref_overlap-area": 0.7953036187320521,
			"gen_KL-div": 0.03688311843503056,
			"gen_overlap-area": 0.6706389630097301
		},
		"pitch_class_transition_matrix": {
			"ref_mean": 4.004513888888889,
			"ref_std": 9.677417536737922,
			"gen_mean": 2.901736111111111,
			"gen_std": 4.430606590941695,
			"ref_KL-div": 0.05169360821890567,
			"ref_overlap-area": 0.7471923642425758,
			"gen_KL-div": 7.2967102519281175,
			"gen_overlap-area": 0.69731776148199
		},
		"pitch_range": {
			"ref_mean": 27.8,
			"ref_std": 5.9715994507334464,
			"gen_mean": 37.35,
			"gen_std": 7.323079953134474,
			"ref_KL-div": 0.11286258092638171,
			"ref_overlap-area": 0.6783269864217815,
			"gen_KL-div": 0.06997133634186355,
			"gen_overlap-area": 0.7862240975681629
		},
		"avg_IOI": {
			"ref_mean": 0.25012762838788205,
			"ref_std": 0.08776547515044895,
			"gen_mean": 0.2964630298429175,
			"gen_std": 0.11683207770797294,
			"ref_KL-div": 0.07846856268914408,
			"ref_overlap-area": 0.8792182886313458,
			"gen_KL-div": 0.025735252321824283,
			"gen_overlap-area": 0.8727926036446167
		}
	},
	"Pitch": {
		"Pitch_accuracy": 10.804166666666665,
		"Pitch_perplexity": 12.091295565825055,
		"Pitch_test-loss": 2.4924858190033365,
		"Pitch_BLEU": 0.19317967573837563
	},
	"Duration": {
		"Duration_accuracy": 42.93611111111112,
		"Duration_perplexity": 90.74399256119219,
		"Duration_test-loss": 4.508042273280984,
		"Duration_BLEU": 0.40357555649010524
	}
}