{"MGEval": {"total_used_pitch": {"ref_mean": 26.3, "ref_std": 6.442825467137846, "gen_mean": 33.3, "gen_std": 4.754997371187496, "ref_KL-div": 0.05951757454792425, "ref_overlap-area": 0.7755660711579273, "gen_KL-div": 0.1462820170382748, "gen_overlap-area": 0.682000574374744}, "total_pitch_class_histogram": {"ref_mean": 0.08333333333333333, "ref_std": 0.057513884688446426, "gen_mean": 0.08333333333333333, "gen_std": 0.05466387712975465, "ref_KL-div": 0.035212953436381526, "ref_overlap-area": 0.711753640910408, "gen_KL-div": 0.03971939417931741, "gen_overlap-area": 0.17024769409560941}, "pitch_class_transition_matrix": {"ref_mean": 4.004513888888889, "ref_std": 9.677417536737922, "gen_mean": 3.223611111111111, "gen_std": 5.616814860941988, "ref_KL-div": 0.08449773587471189, "ref_overlap-area": 0.7279294879300049, "gen_KL-div": 4.167606210781784, "gen_overlap-area": 0.6993809173350741}, "pitch_range": {"ref_mean": 27.8, "ref_std": 5.9715994507334464, "gen_mean": 40.45, "gen_std": 3.1539657575820326, "ref_KL-div": 0.4866098413768918, "ref_overlap-area": 0.5159412431966044, "gen_KL-div": 0.28363185035584426, "gen_overlap-area": 0.2651697860029977}, "avg_IOI": {"ref_mean": 0.25012762838788205, "ref_std": 0.08776547515044895, "gen_mean": 0.30698188059121495, "gen_std": 0.1511992154944541, "ref_KL-div": 0.26125455313483137, "ref_overlap-area": 0.8225138552012405, "gen_KL-div": 0.042176044974353746, "gen_overlap-area": 0.8129499844611116}}, "Pitch": {"Pitch_accuracy": 2.272222222222222, "Pitch_perplexity": 307.9054720084709, "Pitch_test-loss": 5.729792826803943, "Pitch_BLEU": 0.07306523575815801}, "Duration": {"Duration_accuracy": 42.833333333333336, "Duration_perplexity": 78.21522145058145, "Duration_test-loss": 4.359464276315504, "Duration_BLEU": 0.3840045100434944}}