{
	"MGEval": {
		"total_used_pitch": {
			"ref_mean": 26.3,
			"ref_std": 6.442825467137846,
			"gen_mean": 31.1,
			"gen_std": 5.374941860150676,
			"ref_KL-div": 0.057195324084022614,
			"ref_overlap-area": 0.8357130542556842,
			"gen_KL-div": 0.009056682360885342,
			"gen_overlap-area": 0.817499111897844
		},
		"total_pitch_class_histogram": {
			"ref_mean": 0.08333333333333333,
			"ref_std": 0.057513884688446426,
			"gen_mean": 0.08333333333333333,
			"gen_std": 0.03615742316115994,
			"ref_KL-div": 0.03680827178492143,
			"ref_overlap-area": 0.7629400991729058,
			"gen_KL-div": 0.02988366644858822,
			"gen_overlap-area": 0.5989164905880139
		},
		"pitch_class_transition_matrix": {
			"ref_mean": 4.004513888888889,
			"ref_std": 9.677417536737922,
			"gen_mean": 2.9184027777777777,
			"gen_std": 3.9362905837847237,
			"ref_KL-div": 0.07111221883552363,
			"ref_overlap-area": 0.7232466820965913,
			"gen_KL-div": 7.148710406270691,
			"gen_overlap-area": 0.6631834726431743
		},
		"pitch_range": {
			"ref_mean": 27.8,
			"ref_std": 5.9715994507334464,
			"gen_mean": 32.25,
			"gen_std": 5.7608593109014565,
			"ref_KL-div": 0.05298871563923435,
			"ref_overlap-area": 0.8013224106513948,
			"gen_KL-div": 0.015589757796523628,
			"gen_overlap-area": 0.8607292055887434
		},
		"avg_IOI": {
			"ref_mean": 0.25012762838788205,
			"ref_std": 0.08776547515044895,
			"gen_mean": 0.2860483142044271,
			"gen_std": 0.1441903369616478,
			"ref_KL-div": 0.3879108047917419,
			"ref_overlap-area": 0.860378564777677,
			"gen_KL-div": 0.033690262415370584,
			"gen_overlap-area": 0.8264875078260387
		}
	},
	"Pitch": {
		"Pitch_accuracy": 16.522603978300182,
		"Pitch_perplexity": 11.470327091756205,
		"Pitch_test-loss": 2.439763447888658,
		"Pitch_BLEU": 0.2588364850001471
	},
	"Duration": {
		"Duration_accuracy": 58.878842676311024,
		"Duration_perplexity": 29.83330184469145,
		"Duration_test-loss": 3.3956252811269403,
		"Duration_BLEU": 0.40903621704289544
	}
}