{
    "": {
        "val loss": 1.5266609996358111,
        "val ppl": 4.602782443429121,
        "val acc": 0.3224020890526394
    },
    "I": {
        "val loss": 1.5251674493684888,
        "val ppl": 4.595913087621364,
        "val acc": 0.32081925466685624
    },
    "C": {
        "val loss": 1.539211038890023,
        "val ppl": 4.660911542048195,
        "val acc": 0.3207410077409123
    },
    "NC": {
        "val loss": 1.531968748295139,
        "val ppl": 4.627277805878692,
        "val acc": 0.3206457368479503
    },
    "B": {
        "val loss": 1.5336247267507144,
        "val ppl": 4.634946826346984,
        "val acc": 0.3218740051086512
    },
    "BE": {
        "val loss": 1.4910098958564142,
        "val ppl": 4.441578786818579,
        "val acc": 0.322312614589077
    },
    "O": {
        "val loss": 1.5158998901612155,
        "val ppl": 4.553516948775448,
        "val acc": 0.3207327709660263
    },
    "I-C": {
        "val loss": 1.533794573040122,
        "val ppl": 4.635734121724747,
        "val acc": 0.31896225404142653
    },
    "I-NC": {
        "val loss": 1.5314960181491855,
        "val ppl": 4.625090869122344,
        "val acc": 0.32000473943345026
    },
    "I-B": {
        "val loss": 1.5345278083614358,
        "val ppl": 4.639134452191873,
        "val acc": 0.3202537764468179
    },
    "I-BE": {
        "val loss": 1.4953818005283586,
        "val ppl": 4.4610394549636085,
        "val acc": 0.3188062472844458
    },
    "I-O": {
        "val loss": 1.5121364684660699,
        "val ppl": 4.536412350397709,
        "val acc": 0.3198895950682614
    },
    "C-NC": {
        "val loss": 1.5409340252235544,
        "val ppl": 4.668949151293959,
        "val acc": 0.3201551494699433
    },
    "C-B": {
        "val loss": 1.5369686815768768,
        "val ppl": 4.650471822131494,
        "val acc": 0.32045793253540683
    },
    "C-BE": {
        "val loss": 1.502809339748459,
        "val ppl": 4.494297359775478,
        "val acc": 0.3205239338953757
    },
    "C-O": {
        "val loss": 1.5266279357844312,
        "val ppl": 4.602630260230373,
        "val acc": 0.31983774868630493
    },
    "NC-B": {
        "val loss": 1.5380906709583937,
        "val ppl": 4.655692530376898,
        "val acc": 0.3204561546389943
    },
    "NC-BE": {
        "val loss": 1.497257112350478,
        "val ppl": 4.4694131441775875,
        "val acc": 0.322287163880159
    },
    "NC-O": {
        "val loss": 1.518663312517986,
        "val ppl": 4.5661176418132845,
        "val acc": 0.3215722157167991
    },
    "B-BE": {
        "val loss": 1.5016897372519784,
        "val ppl": 4.489268349003381,
        "val acc": 0.321349588989317
    },
    "B-O": {
        "val loss": 1.5242684220683602,
        "val ppl": 4.59178309305368,
        "val acc": 0.3204337531441977
    },
    "BE-O": {
        "val loss": 1.4645603516408046,
        "val ppl": 4.325641061191429,
        "val acc": 0.3245374936434113
    },
    "I-C-NC": {
        "val loss": 1.535902565907972,
        "val ppl": 4.645516523184395,
        "val acc": 0.318935015694198
    },
    "I-C-B": {
        "val loss": 1.5341346082460818,
        "val ppl": 4.637310702562908,
        "val acc": 0.31950302193680624
    },
    "I-C-BE": {
        "val loss": 1.5054600372434812,
        "val ppl": 4.5062261853984955,
        "val acc": 0.31911130508312757
    },
    "I-C-O": {
        "val loss": 1.5276861186813406,
        "val ppl": 4.607503262661749,
        "val acc": 0.3188399104135045
    },
    "I-NC-B": {
        "val loss": 1.5370508744792755,
        "val ppl": 4.650854073617042,
        "val acc": 0.3183126788856047
    },
    "I-NC-BE": {
        "val loss": 1.4999428913605681,
        "val ppl": 4.481433134481045,
        "val acc": 0.3203474009589925
    },
    "I-NC-O": {
        "val loss": 1.5170432970359224,
        "val ppl": 4.558726449080438,
        "val acc": 0.31973744123199943
    },
    "I-B-BE": {
        "val loss": 1.5042857313120728,
        "val ppl": 4.500937603075253,
        "val acc": 0.31847075092499316
    },
    "I-B-O": {
        "val loss": 1.5238179788380617,
        "val ppl": 4.589715221208815,
        "val acc": 0.319870515560734
    },
    "I-BE-O": {
        "val loss": 1.4651450221416413,
        "val ppl": 4.3281708753989205,
        "val acc": 0.32361657739840644
    },
    "C-NC-B": {
        "val loss": 1.5421386217309885,
        "val ppl": 4.674576739941316,
        "val acc": 0.32088603050772835
    },
    "C-NC-BE": {
        "val loss": 1.507435887321863,
        "val ppl": 4.515138614672663,
        "val acc": 0.3206533988508456
    },
    "C-NC-O": {
        "val loss": 1.5285206073819042,
        "val ppl": 4.611349776785318,
        "val acc": 0.32036642688608014
    },
    "C-B-BE": {
        "val loss": 1.509545035068424,
        "val ppl": 4.524671758978107,
        "val acc": 0.3206774028878883
    },
    "C-B-O": {
        "val loss": 1.5275288328650092,
        "val ppl": 4.606778624738959,
        "val acc": 0.31872185322076885
    },
    "C-BE-O": {
        "val loss": 1.4745324020838861,
        "val ppl": 4.368992363495306,
        "val acc": 0.3236289447381085
    },
    "NC-B-BE": {
        "val loss": 1.5107641424084914,
        "val ppl": 4.530191183232592,
        "val acc": 0.3211455449325568
    },
    "NC-B-O": {
        "val loss": 1.526094179376462,
        "val ppl": 4.600174232354079,
        "val acc": 0.321408790504377
    },
    "NC-BE-O": {
        "val loss": 1.472800571075969,
        "val ppl": 4.3614325550916275,
        "val acc": 0.32473874664635144
    },
    "B-BE-O": {
        "val loss": 1.4734667955545824,
        "val ppl": 4.364339216358583,
        "val acc": 0.3261399920506111
    },
    "I-C-NC-B": {
        "val loss": 1.5391838277545609,
        "val ppl": 4.660784715078408,
        "val acc": 0.3189315816751
    },
    "I-C-NC-BE": {
        "val loss": 1.5088742637775876,
        "val ppl": 4.521637756736284,
        "val acc": 0.3182413779330419
    },
    "I-C-NC-O": {
        "val loss": 1.5261056554609524,
        "val ppl": 4.600227024645164,
        "val acc": 0.31978629685122356
    },
    "I-C-B-BE": {
        "val loss": 1.5087788089523513,
        "val ppl": 4.521206165193509,
        "val acc": 0.31788607142370046
    },
    "I-C-B-O": {
        "val loss": 1.526208496660149,
        "val ppl": 4.6007001418365085,
        "val acc": 0.3179163687269482
    },
    "I-C-BE-O": {
        "val loss": 1.4740594545380663,
        "val ppl": 4.366926547829016,
        "val acc": 0.3230902177703912
    },
    "I-NC-B-BE": {
        "val loss": 1.508684489358861,
        "val ppl": 4.520779746976034,
        "val acc": 0.3173452937864225
    },
    "I-NC-B-O": {
        "val loss": 1.5294523681192462,
        "val ppl": 4.615648453811715,
        "val acc": 0.31848350306967205
    },
    "I-NC-BE-O": {
        "val loss": 1.4696870132915691,
        "val ppl": 4.34787410127654,
        "val acc": 0.3231882943300204
    },
    "I-B-BE-O": {
        "val loss": 1.4749242846135662,
        "val ppl": 4.370704830795958,
        "val acc": 0.32204943233959454
    },
    "C-NC-B-BE": {
        "val loss": 1.5110514027238688,
        "val ppl": 4.5314927143107715,
        "val acc": 0.3201066591718997
    },
    "C-NC-B-O": {
        "val loss": 1.5298113584429933,
        "val ppl": 4.6173057243987055,
        "val acc": 0.31804326182130627
    },
    "C-NC-BE-O": {
        "val loss": 1.475691502503138,
        "val ppl": 4.3740594004105455,
        "val acc": 0.3229011567529864
    },
    "C-B-BE-O": {
        "val loss": 1.4754442344264092,
        "val ppl": 4.372977968862367,
        "val acc": 0.3239221563886394
    },
    "NC-B-BE-O": {
        "val loss": 1.4762273915803423,
        "val ppl": 4.376404039243328,
        "val acc": 0.3248578657059856
    },
    "I-C-NC-B-BE": {
        "val loss": 1.5109663631797456,
        "val ppl": 4.531107374620937,