{
    "": {
        "val loss": 2.5121738867310124,
        "val ppl": 12.331708680993032,
        "val acc": 0.1357782169208977
    },
    "I": {
        "val loss": 2.492528429806631,
        "val ppl": 12.091810796619104,
        "val acc": 0.14098777002106197
    },
    "C": {
        "val loss": 2.501960421546619,
        "val ppl": 12.206400209862087,
        "val acc": 0.13871362618778094
    },
    "NC": {
        "val loss": 2.522084428897679,
        "val ppl": 12.454530208546213,
        "val acc": 0.13483316512322527
    },
    "B": {
        "val loss": 2.513225644185265,
        "val ppl": 12.344685470543272,
        "val acc": 0.1374407643882965
    },
    "BE": {
        "val loss": 2.5088187640210657,
        "val ppl": 12.290403615673396,
        "val acc": 0.1390154155796332
    },
    "O": {
        "val loss": 2.5100657190317213,
        "val ppl": 12.30573875517241,
        "val acc": 0.13601080473923866
    },
    "I-C": {
        "val loss": 2.489364711549783,
        "val ppl": 12.053616164428936,
        "val acc": 0.14449535019201284
    },
    "I-NC": {
        "val loss": 2.501564616880863,
        "val ppl": 12.20156981571627,
        "val acc": 0.14218518081937156
    },
    "I-B": {
        "val loss": 2.4821687766863136,
        "val ppl": 11.967190457456649,
        "val acc": 0.146024823330677
    },
    "I-BE": {
        "val loss": 2.4857222894075277,
        "val ppl": 12.009791668127722,
        "val acc": 0.146326593238733
    },
    "I-O": {
        "val loss": 2.4966859686525114,
        "val ppl": 12.14218761895685,
        "val acc": 0.1400873604716637
    },
    "C-NC": {
        "val loss": 2.4981398180669205,
        "val ppl": 12.159853369875488,
        "val acc": 0.1401350665469063
    },
    "C-B": {
        "val loss": 2.4900191938248755,
        "val ppl": 12.061507624688067,
        "val acc": 0.14144147457267156
    },
    "C-BE": {
        "val loss": 2.498256991771565,
        "val ppl": 12.161278268421459,
        "val acc": 0.1384400688167685
    },
    "C-O": {
        "val loss": 2.5047564322451086,
        "val ppl": 12.240577192778467,
        "val acc": 0.13572953665584017
    },
    "NC-B": {
        "val loss": 2.5108946120199134,
        "val ppl": 12.31594312432186,
        "val acc": 0.13907343832501698
    },
    "NC-BE": {
        "val loss": 2.509169340133667,
        "val ppl": 12.294713092951037,
        "val acc": 0.13551399715926246
    },
    "NC-O": {
        "val loss": 2.5125385921091703,
        "val ppl": 12.336206941690943,
        "val acc": 0.1357230241969266
    },
    "B-BE": {
        "val loss": 2.5003529789718595,
        "val ppl": 12.186794883919479,
        "val acc": 0.140227609708386
    },
    "B-O": {
        "val loss": 2.5084934695703325,
        "val ppl": 12.286406265773063,
        "val acc": 0.14130097691754656
    },
    "BE-O": {
        "val loss": 2.5095552090104634,
        "val ppl": 12.299458155509852,
        "val acc": 0.13853252430116492
    },
    "I-C-NC": {
        "val loss": 2.474180447232219,
        "val ppl": 11.871973416332773,
        "val acc": 0.1454739628288135
    },
    "I-C-B": {
        "val loss": 2.4768838935546196,
        "val ppl": 11.904112082209721,
        "val acc": 0.14679777962657353
    },
    "I-C-BE": {
        "val loss": 2.480349682575699,
        "val ppl": 11.945440800109337,
        "val acc": 0.1448368865283187
    },
    "I-C-O": {
        "val loss": 2.4836547158785724,
        "val ppl": 11.984986193194766,
        "val acc": 0.1447221172262088
    },
    "I-NC-B": {
        "val loss": 2.4817189354319527,
        "val ppl": 11.961808332131854,
        "val acc": 0.14197220344200745
    },
    "I-NC-BE": {
        "val loss": 2.4930471709328574,
        "val ppl": 12.09808494335814,
        "val acc": 0.14279210594509076
    },
    "I-NC-O": {
        "val loss": 2.493298271185571,
        "val ppl": 12.101123156976909,
        "val acc": 0.13971556092875356
    },
    "I-B-BE": {
        "val loss": 2.475878935702748,
        "val ppl": 11.892154960511146,
        "val acc": 0.14533773212507817
    },
    "I-B-O": {
        "val loss": 2.481614510395302,
        "val ppl": 11.96055928507539,
        "val acc": 0.14415670719945756
    },
    "I-BE-O": {
        "val loss": 2.4870690338330173,
        "val ppl": 12.025976684201893,
        "val acc": 0.1389965357810177
    },
    "C-NC-B": {
        "val loss": 2.499983034137451,
        "val ppl": 12.182287275938728,
        "val acc": 0.13782295366558403
    },
    "C-NC-BE": {
        "val loss": 2.492067527841796,
        "val ppl": 12.086238941402677,
        "val acc": 0.1390757325420314
    },
    "C-NC-O": {
        "val loss": 2.517250838948783,
        "val ppl": 12.394475373659782,
        "val acc": 0.13349985484571755
    },
    "C-B-BE": {
        "val loss": 2.511843134937414,
        "val ppl": 12.32763062067872,
        "val acc": 0.1362319263434564
    },
    "C-B-O": {
        "val loss": 2.496533482536707,
        "val ppl": 12.14033624508746,
        "val acc": 0.1404906799260395
    },
    "C-BE-O": {
        "val loss": 2.5021698546568905,
        "val ppl": 12.2089569019419,
        "val acc": 0.1379175085290318
    },
    "NC-B-BE": {
        "val loss": 2.4912928833993346,
        "val ppl": 12.076880028959218,
        "val acc": 0.13760506150060303
    },
    "NC-B-O": {
        "val loss": 2.5153108399801107,
        "val ppl": 12.370453413041139,
        "val acc": 0.13485304833735018
    },
    "NC-BE-O": {
        "val loss": 2.498232727238401,
        "val ppl": 12.160983184261651,
        "val acc": 0.13983238090042416
    },
    "B-BE-O": {
        "val loss": 2.49518581311085,
        "val ppl": 12.123986104876979,
        "val acc": 0.14257648851332785
    },
    "I-C-NC-B": {
        "val loss": 2.4808779809770534,
        "val ppl": 11.95175322466259,
        "val acc": 0.14444074198193071
    },
    "I-C-NC-BE": {
        "val loss": 2.4702767627541897,
        "val ppl": 11.825719317425717,
        "val acc": 0.14533967563375927
    },
    "I-C-NC-O": {
        "val loss": 2.4821730379537907,
        "val ppl": 11.96724145296479,
        "val acc": 0.14296748933749245
    },
    "I-C-B-BE": {
        "val loss": 2.4688624109085526,
        "val ppl": 11.809005411940861,
        "val acc": 0.14401971175671752
    },
    "I-C-B-O": {
        "val loss": 2.479270176968932,
        "val ppl": 11.932552587490795,
        "val acc": 0.1474280901788028
    },
    "I-C-BE-O": {
        "val loss": 2.476594645532751,
        "val ppl": 11.90066933926514,
        "val acc": 0.1443037708939361
    },
    "I-NC-B-BE": {
        "val loss": 2.4817642284129935,
        "val ppl": 11.96235013035959,
        "val acc": 0.1438519903672111
    },
    "I-NC-B-O": {
        "val loss": 2.495380821277587,
        "val ppl": 12.126350611722417,
        "val acc": 0.14054606261702457
    },
    "I-NC-BE-O": {
        "val loss": 2.489282261289839,
        "val ppl": 12.052622381612304,
        "val acc": 0.14003335625926697
    },
    "I-B-BE-O": {
        "val loss": 2.4829543878524145,
        "val ppl": 11.976595709858806,
        "val acc": 0.14530160429578742
    },
    "C-NC-B-BE": {
        "val loss": 2.4991199808290645,
        "val ppl": 12.17177784835198,
        "val acc": 0.14110789736715457
    },
    "C-NC-B-O": {
        "val loss": 2.5156222823467975,
        "val ppl": 12.374306696335774,
        "val acc": 0.13703128318334057
    },
    "C-NC-BE-O": {
        "val loss": 2.49811441878876,
        "val ppl": 12.159544522299623,
        "val acc": 0.13895180098471102
    },
    "C-B-BE-O": {
        "val loss": 2.5058962773108537,
        "val ppl": 12.254537509080864,
        "val acc": 0.13876115690885668
    },
    "NC-B-BE-O": {
        "val loss": 2.5008113741786193,
        "val ppl": 12.192382532857936,
        "val acc": 0.13708577936159394
    },
    "I-C-NC-B-BE": {
        "val loss": 2.4771891692521932,