{
	"MGEval": {
		"total_used_pitch": {
			"ref_mean": 11.1,
			"ref_std": 2.402082429892863,
			"gen_mean": 14.03,
			"gen_std": 2.801624528733285,
			"ref_KL-div": 0.060797781885754916,
			"ref_overlap-area": 0.7237612266467381,
			"gen_KL-div": 0.04513828268047339,
			"gen_overlap-area": 0.8243303328074669
		},
		"total_pitch_class_histogram": {
			"ref_mean": 0.08333333333333333,
			"ref_std": 0.09060859560031469,
			"gen_mean": 0.08333333333333333,
			"gen_std": 0.08512728493000593,
			"ref_KL-div": 0.05021292984196413,
			"ref_overlap-area": 0.8659498058699876,
			"gen_KL-div": 0.151705446453181,
			"gen_overlap-area": 0.7181128917301819
		},
		"pitch_class_transition_matrix": {
			"ref_mean": 1.2013888888888888,
			"ref_std": 3.6048383017964567,
			"gen_mean": 1.1945833333333333,
			"gen_std": 3.130060097710231,
			"ref_KL-div": 0.19811582759577867,
			"ref_overlap-area": 0.8324152297106645,
			"gen_KL-div": 0.5774763111331597,
			"gen_overlap-area": 0.7113526952085502
		},
		"pitch_range": {
			"ref_mean": 16.82,
			"ref_std": 2.9610133400577583,
			"gen_mean": 19.36,
			"gen_std": 2.75506805723561,
			"ref_KL-div": 0.044254035912939645,
			"ref_overlap-area": 0.8202381744044137,
			"gen_KL-div": 0.05709432257203295,
			"gen_overlap-area": 0.7862506534018128
		},
		"avg_IOI": {
			"ref_mean": 0.38794598912975603,
			"ref_std": 0.14004458243152537,
			"gen_mean": 0.4090732631181526,
			"gen_std": 0.11937327542015644,
			"ref_KL-div": 0.020263127854389214,
			"ref_overlap-area": 0.8767009791698785,
			"gen_KL-div": 0.008566030794748712,
			"gen_overlap-area": 0.9162006475355857
		}
	},
	"Pitch": {
		"Pitch_accuracy": 28.914835164835168,
		"Pitch_perplexity": 7.394886651538611,
		"Pitch_test-loss": 2.0007887683290804,
		"Pitch_BLEU": {}
	},
	"Duration": {
		"Duration_accuracy": 75.46428571428572,
		"Duration_perplexity": 2.0959454505701913,
		"Duration_test-loss": 0.7400047406288057,
		"Duration_BLEU": {}
	}
}