{
    "": {
        "val loss": 1.7106645477212366,
        "val ppl": 5.532636957505389,
        "val acc": 0.24195283837712808
    },
    "I": {
        "val loss": 1.6879910521723387,
        "val ppl": 5.4086041799853835,
        "val acc": 0.24128864794619514
    },
    "C": {
        "val loss": 1.7162811904111266,
        "val ppl": 5.5637992341932145,
        "val acc": 0.2336118548977582
    }
}