{
    "": {
        "val loss": 2.453974503894493,
        "val ppl": 11.634496298480085,
        "val acc": 0.19155018499032622
    },
    "I": {
        "val loss": 2.4189022702068734,
        "val ppl": 11.233521173274374,
        "val acc": 0.19561523951761903
    },
    "C": {
        "val loss": 2.518010086991827,
        "val ppl": 12.40388942818079,
        "val acc": 0.18678622100888825
    }
}