{
	"MGEval": {
		"total_used_pitch": {
			"ref_mean": 26.3,
			"ref_std": 6.442825467137846,
			"gen_mean": 30.5,
			"gen_std": 4.421538193886829,
			"ref_KL-div": 0.08153648587446195,
			"ref_overlap-area": 0.8446155962587821,
			"gen_KL-div": 0.05231817287288946,
			"gen_overlap-area": 0.7960959348246014
		},
		"total_pitch_class_histogram": {
			"ref_mean": 0.08333333333333333,
			"ref_std": 0.057513884688446426,
			"gen_mean": 0.08333333333333333,
			"gen_std": 0.03259710459928214,
			"ref_KL-div": 0.05666834885674696,
			"ref_overlap-area": 0.8632710480875955,
			"gen_KL-div": 0.08984823847295911,
			"gen_overlap-area": 0.6172929638201976
		},
		"pitch_class_transition_matrix": {
			"ref_mean": 4.004513888888889,
			"ref_std": 9.677417536737922,
			"gen_mean": 2.826041666666667,
			"gen_std": 3.40209529366136,
			"ref_KL-div": 0.07723789708197142,
			"ref_overlap-area": 0.7204958719625669,
			"gen_KL-div": 7.080041567330662,
			"gen_overlap-area": 0.6100037053057855
		},
		"pitch_range": {
			"ref_mean": 27.8,
			"ref_std": 5.9715994507334464,
			"gen_mean": 31.9,
			"gen_std": 5.048762224545736,
			"ref_KL-div": 0.09030244803437662,
			"ref_overlap-area": 0.8081366973554192,
			"gen_KL-div": 0.016154064559794467,
			"gen_overlap-area": 0.8467042684752059
		},
		"avg_IOI": {
			"ref_mean": 0.25012762838788205,
			"ref_std": 0.08776547515044895,
			"gen_mean": 0.32440434005353114,
			"gen_std": 0.1371558928343539,
			"ref_KL-div": 0.09896590701474872,
			"ref_overlap-area": 0.8179173509958974,
			"gen_KL-div": 0.02236311079402413,
			"gen_overlap-area": 0.8651723156008969
		}
	},
	"Pitch": {
		"Pitch_accuracy": 13.58852867830424,
		"Pitch_perplexity": 12.3399284384837,
		"Pitch_test-loss": 2.512840219309997,
		"Pitch_BLEU": 0.227891629254656
	},
	"Duration": {
		"Duration_accuracy": 52.96437477734236,
		"Duration_perplexity": 51.47519449049449,
		"Duration_test-loss": 3.941100031255321,
		"Duration_BLEU": 0.4498712299096293
	}
}