{
    "": {
        "val loss": 1.6710724843770155,
        "val ppl": 5.317868070332296,
        "val acc": 0.26364114301231173
    },
    "I": {
        "val loss": 1.6516440390274933,
        "val ppl": 5.215547345968996,
        "val acc": 0.26795551503925286
    },
    "C": {
        "val loss": 1.6786904450872568,
        "val ppl": 5.3585340797200915,
        "val acc": 0.25735988013208755
    },
    "NC": {
        "val loss": 1.6774105356877655,
        "val ppl": 5.351680028801734,
        "val acc": 0.2612482555630446
    },
    "B": {
        "val loss": 1.6741127425089035,
        "val ppl": 5.334060363881159,
        "val acc": 0.26068761122452455
    },
    "BE": {
        "val loss": 1.6727902488155528,
        "val ppl": 5.327010765242317,
        "val acc": 0.26156174506732865
    },
    "O": {
        "val loss": 1.6663951692701895,
        "val ppl": 5.293052805318639,
        "val acc": 0.266088077700786
    },
    "I-C": {
        "val loss": 1.6514062323634504,
        "val ppl": 5.214307201516644,
        "val acc": 0.2657761980729972
    },
    "I-NC": {
        "val loss": 1.6545288409442986,
        "val ppl": 5.230614889940257,
        "val acc": 0.26622266725501514
    },
    "I-B": {
        "val loss": 1.655633083505502,
        "val ppl": 5.236393947676525,
        "val acc": 0.2647443642200099
    },
    "I-BE": {
        "val loss": 1.6496831236103693,
        "val ppl": 5.205330119601826,
        "val acc": 0.2678745169158258
    },
    "I-O": {
        "val loss": 1.6449768580237716,
        "val ppl": 5.180890009527737,
        "val acc": 0.2687138153588036
    },
    "C-NC": {
        "val loss": 1.6755884327465975,
        "val ppl": 5.341937595434765,
        "val acc": 0.25919588608669086
    },
    "C-B": {
        "val loss": 1.676920355753589,
        "val ppl": 5.349057385473563,
        "val acc": 0.2549714440883105
    },
    "C-BE": {
        "val loss": 1.6791578629105468,
        "val ppl": 5.361039339511586,
        "val acc": 0.25734267578930015
    },
    "C-O": {
        "val loss": 1.6704702327182313,
        "val ppl": 5.314666339686314,
        "val acc": 0.2602058023440191
    },
    "NC-B": {
        "val loss": 1.6745464784751478,
        "val ppl": 5.33637443951973,
        "val acc": 0.26053536151910267
    },
    "NC-BE": {
        "val loss": 1.6751570044463389,
        "val ppl": 5.339633429454825,
        "val acc": 0.2597301226318571
    },
    "NC-O": {
        "val loss": 1.6685598682704972,
        "val ppl": 5.304523081803841,
        "val acc": 0.2600459784606284
    },
    "B-BE": {
        "val loss": 1.6722767538516168,
        "val ppl": 5.324276074226654,
        "val acc": 0.2618119935798902
    },
    "B-O": {
        "val loss": 1.6682274026644868,
        "val ppl": 5.302759803453797,
        "val acc": 0.26060344183836254
    },
    "BE-O": {
        "val loss": 1.6691794153036708,
        "val ppl": 5.307810501592008,
        "val acc": 0.2611272432804629
    },
    "I-C-NC": {
        "val loss": 1.6536319458810784,
        "val ppl": 5.225925680446627,
        "val acc": 0.2670527234552217
    },
    "I-C-B": {
        "val loss": 1.6556707462908151,
        "val ppl": 5.236591168571513,
        "val acc": 0.26568596740485
    },
    "I-C-BE": {
        "val loss": 1.6519139918953898,
        "val ppl": 5.216955487990126,
        "val acc": 0.2671113675706867
    },
    "I-C-O": {
        "val loss": 1.647487716316544,
        "val ppl": 5.193914835074901,
        "val acc": 0.26513862879254413
    },
    "I-NC-B": {
        "val loss": 1.6533480453802742,
        "val ppl": 5.2244422481123385,
        "val acc": 0.2697332551023872
    },
    "I-NC-BE": {
        "val loss": 1.6516806955676315,
        "val ppl": 5.215738533393739,
        "val acc": 0.2683168547280425
    },
    "I-NC-O": {
        "val loss": 1.643908693528555,
        "val ppl": 5.175358921347847,
        "val acc": 0.26985334607010714
    },
    "I-B-BE": {
        "val loss": 1.6534891033620434,
        "val ppl": 5.225179249370459,
        "val acc": 0.26708784009853226
    },
    "I-B-O": {
        "val loss": 1.644761634242929,
        "val ppl": 5.179775078775866,
        "val acc": 0.26828376497742784
    },
    "I-BE-O": {
        "val loss": 1.6447350003369832,
        "val ppl": 5.179637122970757,
        "val acc": 0.2691448549413996
    },
    "C-NC-B": {
        "val loss": 1.6776341818069234,
        "val ppl": 5.352877045120188,
        "val acc": 0.2562413747957347
    },
    "C-NC-BE": {
        "val loss": 1.6771131651700395,
        "val ppl": 5.35008883353987,
        "val acc": 0.2576248987765909
    },
    "C-NC-O": {
        "val loss": 1.6705072426513634,
        "val ppl": 5.314863038772052,
        "val acc": 0.2615910428799333
    },
    "C-B-BE": {
        "val loss": 1.679380420569548,
        "val ppl": 5.362232612657914,
        "val acc": 0.2586608736974304
    },
    "C-B-O": {
        "val loss": 1.669685016509804,
        "val ppl": 5.310494815522538,
        "val acc": 0.26114613508415485
    },
    "C-BE-O": {
        "val loss": 1.670048591797573,
        "val ppl": 5.312425931234989,
        "val acc": 0.2599380682451861
    },
    "NC-B-BE": {
        "val loss": 1.6753316044369344,
        "val ppl": 5.340565810795909,
        "val acc": 0.259419978955229
    },
    "NC-B-O": {
        "val loss": 1.6692033327565285,
        "val ppl": 5.307937452417622,
        "val acc": 0.26190957537082915
    },
    "NC-BE-O": {
        "val loss": 1.6686911754288836,
        "val ppl": 5.305219649387461,
        "val acc": 0.26372009484694053
    },
    "B-BE-O": {
        "val loss": 1.667006365665858,
        "val ppl": 5.296288888955921,
        "val acc": 0.26283695151459313
    },
    "I-C-NC-B": {
        "val loss": 1.6529251169116705,
        "val ppl": 5.22223314993122,
        "val acc": 0.2647859494634553
    },
    "I-C-NC-BE": {
        "val loss": 1.6496017925492985,
        "val ppl": 5.204906781795466,
        "val acc": 0.26611876233470877
    },
    "I-C-NC-O": {
        "val loss": 1.6481519389902148,
        "val ppl": 5.197365897083409,
        "val acc": 0.2685261095782802
    },
    "I-C-B-BE": {
        "val loss": 1.6497265719647016,
        "val ppl": 5.2055562875425565,
        "val acc": 0.267180020074966
    },
    "I-C-B-O": {
        "val loss": 1.650519920106127,
        "val ppl": 5.2096877445735466,
        "val acc": 0.2680508565803702
    },
    "I-C-BE-O": {
        "val loss": 1.6453204258649676,
        "val ppl": 5.182670302531984,
        "val acc": 0.2686937888831239
    },
    "I-NC-B-BE": {
        "val loss": 1.652192986950966,
        "val ppl": 5.21841119583464,
        "val acc": 0.2662991072943892
    },
    "I-NC-B-O": {
        "val loss": 1.6464514989860695,
        "val ppl": 5.188535598020446,
        "val acc": 0.2679632540840918
    },
    "I-NC-BE-O": {
        "val loss": 1.6468255011681976,
        "val ppl": 5.190476484581436,
        "val acc": 0.2699143856042128
    },
    "I-B-BE-O": {
        "val loss": 1.6479420715470663,
        "val ppl": 5.196275253640759,
        "val acc": 0.271399661538014
    },
    "C-NC-B-BE": {
        "val loss": 1.6756668833627073,
        "val ppl": 5.342356690169252,
        "val acc": 0.2576129216833878
    },
    "C-NC-B-O": {
        "val loss": 1.670034085696646,
        "val ppl": 5.3123488692072005,
        "val acc": 0.26070473798290233
    },
    "C-NC-BE-O": {
        "val loss": 1.6715107401228282,
        "val ppl": 5.320199167340611,
        "val acc": 0.25836155304591546
    },
    "C-B-BE-O": {
        "val loss": 1.6684110726371693,
        "val ppl": 5.303733850650912,
        "val acc": 0.2604997890673869
    },
    "NC-B-BE-O": {
        "val loss": 1.6688536720988507,
        "val ppl": 5.3060817999603325,
        "val acc": 0.2623653837761302
    },
    "I-C-NC-B-BE": {
        "val loss": 1.6549534333779305,
        "val ppl": 5.232836240996821,