{
    "": {
        "val loss": 2.3618307430046146,
        "val ppl": 10.610358521975511,
        "val acc": 0.18792664394090008
    },
    "I": {
        "val loss": 2.2754050336014546,
        "val ppl": 9.73185994468329,
        "val acc": 0.2152433483491493
    },
    "C": {
        "val loss": 2.347336261308451,
        "val ppl": 10.457676074140334,
        "val acc": 0.18777953420260193
    },
    "NC": {
        "val loss": 2.3491775162028214,
        "val ppl": 10.476949059189637,
        "val acc": 0.18853549729181923
    },
    "B": {
        "val loss": 2.3593625351573655,
        "val ppl": 10.584202244652694,
        "val acc": 0.18358156788393373
    },
    "BE": {
        "val loss": 2.3555771062304993,
        "val ppl": 10.544212236727342,
        "val acc": 0.18846498276171406
    },
    "O": {
        "val loss": 2.3580483162631887,
        "val ppl": 10.570301422445336,
        "val acc": 0.18366644522783146
    },
    "I-C": {
        "val loss": 2.274329672642463,
        "val ppl": 9.721400307391157,
        "val acc": 0.21293464968214637
    },
    "I-NC": {
        "val loss": 2.2742818647036507,
        "val ppl": 9.720935558389527,
        "val acc": 0.21466311394725235
    },
    "I-B": {
        "val loss": 2.2783025250526387,
        "val ppl": 9.760098816865984,
        "val acc": 0.21236261983154484
    },
    "I-BE": {
        "val loss": 2.27825258195814,
        "val ppl": 9.759611379500624,
        "val acc": 0.21406304703069914
    },
    "I-O": {
        "val loss": 2.275378872200439,
        "val ppl": 9.731605348922953,
        "val acc": 0.21492282775776206
    },
    "C-NC": {
        "val loss": 2.353311400064988,
        "val ppl": 10.520349193582378,
        "val acc": 0.18447706653348014
    },
    "C-B": {
        "val loss": 2.3580266188095425,
        "val ppl": 10.57007207630832,
        "val acc": 0.18472816847454496
    },
    "C-BE": {
        "val loss": 2.360956137401321,
        "val ppl": 10.601082699893503,
        "val acc": 0.18082565328497238
    },
    "C-O": {
        "val loss": 2.345530585202941,
        "val ppl": 10.43880993652707,
        "val acc": 0.19178737992600375
    },
    "NC-B": {
        "val loss": 2.3497712326906517,
        "val ppl": 10.483171243512171,
        "val acc": 0.18435876000717663
    },
    "NC-BE": {
        "val loss": 2.3535113895411586,
        "val ppl": 10.522453363105603,
        "val acc": 0.19095064176853668
    },
    "NC-O": {
        "val loss": 2.3558707656836986,
        "val ppl": 10.547309099016385,
        "val acc": 0.18326950399317266
    },
    "B-BE": {
        "val loss": 2.3569469507395757,
        "val ppl": 10.55866606545113,
        "val acc": 0.18357876514714375
    },
    "B-O": {
        "val loss": 2.3523310170265157,
        "val ppl": 10.510040275843934,
        "val acc": 0.18563967860658406
    },
    "BE-O": {
        "val loss": 2.3613425811099344,
        "val ppl": 10.605180213285513,
        "val acc": 0.17951669761961334
    },
    "I-C-NC": {
        "val loss": 2.2810660217576437,
        "val ppl": 9.78710812065896,
        "val acc": 0.21124377506340106
    },
    "I-C-B": {
        "val loss": 2.2747411572139766,
        "val ppl": 9.725401336755631,
        "val acc": 0.2181167354420129
    },
    "I-C-BE": {
        "val loss": 2.278585611824699,
        "val ppl": 9.762862162849933,
        "val acc": 0.21715957658308568
    },
    "I-C-O": {
        "val loss": 2.2741235489259206,
        "val ppl": 9.719396702732116,
        "val acc": 0.21721991785750655
    },
    "I-NC-B": {
        "val loss": 2.277479691328249,
        "val ppl": 9.752071181563545,
        "val acc": 0.2186776707220684
    },
    "I-NC-BE": {
        "val loss": 2.2804199985311002,
        "val ppl": 9.780787463357857,
        "val acc": 0.21560163315181816
    },
    "I-NC-O": {
        "val loss": 2.268711725124392,
        "val ppl": 9.666939113964215,
        "val acc": 0.2151252357838693
    },
    "I-B-BE": {
        "val loss": 2.28370861269202,
        "val ppl": 9.813005647065808,
        "val acc": 0.2156348974673539
    },
    "I-B-O": {
        "val loss": 2.2799964368757104,
        "val ppl": 9.776645574063528,
        "val acc": 0.21223117244589704
    },
    "I-BE-O": {
        "val loss": 2.2739959025976852,
        "val ppl": 9.71815613660889,
        "val acc": 0.21546833343839555
    },
    "C-NC-B": {
        "val loss": 2.3514288931099334,
        "val ppl": 10.500563192541332,
        "val acc": 0.18969021515126527
    },
    "C-NC-BE": {
        "val loss": 2.340378830704508,
        "val ppl": 10.385170038906303,
        "val acc": 0.18932045755405458
    },
    "C-NC-O": {
        "val loss": 2.348384362524896,
        "val ppl": 10.468642523125187,
        "val acc": 0.19485503838003745
    },
    "C-B-BE": {
        "val loss": 2.3461037365550066,
        "val ppl": 10.444794669471204,
        "val acc": 0.18873220286383446
    },
    "C-B-O": {
        "val loss": 2.3583619641303626,
        "val ppl": 10.573617294922855,
        "val acc": 0.18371316074034924
    },
    "C-BE-O": {
        "val loss": 2.352970768257568,
        "val ppl": 10.51676623829079,
        "val acc": 0.18621490881407385
    },
    "NC-B-BE": {
        "val loss": 2.354223013703022,
        "val ppl": 10.529944060125251,
        "val acc": 0.18670634785939752
    },
    "NC-B-O": {
        "val loss": 2.3562082254239227,
        "val ppl": 10.550868991831472,
        "val acc": 0.18203628040945163
    },
    "NC-BE-O": {
        "val loss": 2.3524793725736095,
        "val ppl": 10.51159961428443,
        "val acc": 0.1849343199484063
    },
    "B-BE-O": {
        "val loss": 2.350636987308426,
        "val ppl": 10.492251027290395,
        "val acc": 0.18852599320166605
    },
    "I-C-NC-B": {
        "val loss": 2.276527205989428,
        "val ppl": 9.742786899013387,
        "val acc": 0.21641823815504274
    },
    "I-C-NC-BE": {
        "val loss": 2.261950655731195,
        "val ppl": 9.601800718534717,
        "val acc": 0.22016002754246541
    },
    "I-C-NC-O": {
        "val loss": 2.2743875288194224,
        "val ppl": 9.721962766718352,
        "val acc": 0.2134077594107464
    },
    "I-C-B-BE": {
        "val loss": 2.2780684573935606,
        "val ppl": 9.757814560729221,
        "val acc": 0.2123020167097422
    },
    "I-C-B-O": {
        "val loss": 2.268837778166198,
        "val ppl": 9.668157737848498,
        "val acc": 0.21782123582266144
    },
    "I-C-BE-O": {
        "val loss": 2.2714744210973374,
        "val ppl": 9.69368285312521,
        "val acc": 0.217936632933612
    },
    "I-NC-B-BE": {
        "val loss": 2.2627627298558375,
        "val ppl": 9.609601259328201,
        "val acc": 0.21695349299558261
    },
    "I-NC-B-O": {
        "val loss": 2.2771912106887426,
        "val ppl": 9.749258303582504,
        "val acc": 0.21599535463348643
    },
    "I-NC-BE-O": {
        "val loss": 2.2781381994522363,
        "val ppl": 9.758495114536199,
        "val acc": 0.2151809898800836
    },
    "I-B-BE-O": {
        "val loss": 2.2876735910584656,
        "val ppl": 9.85199123960721,
        "val acc": 0.2135289559563006
    },
    "C-NC-B-BE": {
        "val loss": 2.3555177514920094,
        "val ppl": 10.543586406340632,
        "val acc": 0.18530893626925668
    },
    "C-NC-B-O": {
        "val loss": 2.356737897171201,
        "val ppl": 10.556458969341568,
        "val acc": 0.1855109563733168
    },
    "C-NC-BE-O": {
        "val loss": 2.3642033639855655,
        "val ppl": 10.635562769459773,
        "val acc": 0.18549352897535237
    },
    "C-B-BE-O": {
        "val loss": 2.3712705539751657,
        "val ppl": 10.710992536499322,
        "val acc": 0.19015323890664165
    },
    "NC-B-BE-O": {
        "val loss": 2.344225460775242,
        "val ppl": 10.425194877288604,
        "val acc": 0.19045532350274214
    },
    "I-C-NC-B-BE": {
        "val loss": 2.276150225327423,