{
	"MGEval": {
		"total_used_pitch": {
			"ref_mean": 11.06,
			"ref_std": 2.352955588191158,
			"gen_mean": 15.49,
			"gen_std": 2.840756941380237,
			"ref_KL-div": 0.2854187531870313,
			"ref_overlap-area": 0.5826952304083518,
			"gen_KL-div": 0.17551938595764882,
			"gen_overlap-area": 0.6825813569167911
		},
		"total_pitch_class_histogram": {
			"ref_mean": 0.08333333333333333,
			"ref_std": 0.09388858281173411,
			"gen_mean": 0.08333333333333333,
			"gen_std": 0.07349859579971975,
			"ref_KL-div": 0.4437632212932501,
			"ref_overlap-area": 0.6452567973986695,
			"gen_KL-div": 0.1268850680639254,
			"gen_overlap-area": 0.7886729873570864
		},
		"pitch_class_transition_matrix": {
			"ref_mean": 1.3736111111111111,
			"ref_std": 3.97362810202589,
			"gen_mean": 0.3898611111111111,
			"gen_std": 0.9770747057978098,
			"ref_KL-div": 0.18015581266312078,
			"ref_overlap-area": 0.7207027028593604,
			"gen_KL-div": 6.458934358024876,
			"gen_overlap-area": 0.05949085519861744
		},
		"pitch_range": {
			"ref_mean": 17.91,
			"ref_std": 3.280533493198934,
			"gen_mean": 26.19,
			"gen_std": 5.02930412681516,
			"ref_KL-div": 0.1205540246812846,
			"ref_overlap-area": 0.5193777397628433,
			"gen_KL-div": 0.03332442991098827,
			"gen_overlap-area": 0.7342147157880686
		},
		"avg_IOI": {
			"ref_mean": 0.2748918003254029,
			"ref_std": 0.06627163482307827,
			"gen_mean": 0.3692929089079199,
			"gen_std": 0.09442698604201559,
			"ref_KL-div": 0.17818998871287814,
			"ref_overlap-area": 0.6399116338420665,
			"gen_KL-div": 0.018939794461438064,
			"gen_overlap-area": 0.8768865870822536
		}
	},
	"BLEU": {},
	"Pitch_accuracy": 91.71687837582438,
	"Pitch_perplexity": 0.41242090461882425,
	"Pitch_test-loss": 1.5104700663770831,
	"Duration_accuracy": 94.58496384199898,
	"Duration_perplexity": 0.12347733039563331,
	"Duration_test-loss": 1.1314243553088452
}