{
    "original": {
        "Music lover": 3.325,
        "Music student": 3.577777777777778,
        "Professional musician": 3.672727272727273
    },
    "MINGUS": {
        "Music lover": 3.15,
        "Music student": 2.7333333333333334,
        "Professional musician": 2.4545454545454546
    },
    "BebopNet": {
        "Music lover": 2.45,
        "Music student": 2.2222222222222223,
        "Professional musician": 2.018181818181818
    }
}