{"MGEval": {"total_used_pitch": {"ref_mean": 27.42, "ref_std": 5.8960664853781966, "gen_mean": 15.78, "gen_std": 3.9002051228108505, "ref_KL-div": 0.17032276463200613, "ref_overlap-area": 0.6276487700813513, "gen_KL-div": 0.17311942690694818, "gen_overlap-area": 0.44156866158877395}, "total_pitch_class_histogram": {"ref_mean": 0.08333333333333333, "ref_std": 0.053348452193789905, "gen_mean": 0.08333333333333333, "gen_std": 0.0803547288257004, "ref_KL-div": 0.028638578323333407, "ref_overlap-area": 0.6266437457889917, "gen_KL-div": 0.15444815779064314, "gen_overlap-area": 0.746304710143109}, "pitch_class_transition_matrix": {"ref_mean": 2.682986111111111, "ref_std": 5.5837551556901195, "gen_mean": 0.31569444444444444, "gen_std": 1.0070188765593788, "ref_KL-div": 0.15426323063887826, "ref_overlap-area": 0.7886279113938257, "gen_KL-div": 72.94883270603005, "gen_overlap-area": 0.26018735391816605}, "pitch_range": {"ref_mean": 28.72, "ref_std": 5.926347947935558, "gen_mean": 22.14, "gen_std": 6.977134082128565, "ref_KL-div": 0.014704888713556838, "ref_overlap-area": 0.7856865519170807, "gen_KL-div": 0.03241479547516137, "gen_overlap-area": 0.8432449311094288}, "avg_IOI": {"ref_mean": 0.25419817001483386, "ref_std": 0.09848286087761432, "gen_mean": 0.3146466878712658, "gen_std": 0.15973954782573815, "ref_KL-div": 0.04352393976515292, "ref_overlap-area": 0.8308072058274624, "gen_KL-div": 0.017508208652128675, "gen_overlap-area": 0.8728426371925485}}, "BLEU": {}, "Pitch_accuracy": 36.54601738302179, "Pitch_perplexity": 3.817879877933067, "Pitch_test-loss": 45.507624253626936, "Duration_accuracy": 78.81890701273961, "Duration_perplexity": 1.1853918624821378, "Duration_test-loss": 3.271968732072039}