{"MGEval": {}, "BLEU": {}, "Pitch_accuracy": 38.83672074717153, "Pitch_perplexity": 3.817879877933067, "Pitch_test-loss": 45.507624253626936, "Duration_accuracy": 0.43037196434060865, "Duration_perplexity": 1.1853918624821378, "Duration_test-loss": 3.271968732072039}