{"MGEval": {"total_used_pitch": {"ref_mean": 27.42, "ref_std": 5.8960664853781966, "gen_mean": 15.98, "gen_std": 3.6331253763116957, "ref_KL-div": 0.15580302637681526, "ref_overlap-area": 0.6406594828619295, "gen_KL-div": 0.13221059745387131, "gen_overlap-area": 0.4208312111444806}, "total_pitch_class_histogram": {"ref_mean": 0.08333333333333333, "ref_std": 0.053348452193789905, "gen_mean": 0.08333333333333333, "gen_std": 0.07583621796486364, "ref_KL-div": 0.014051332935243268, "ref_overlap-area": 0.695141610740597, "gen_KL-div": 0.0172329235779699, "gen_overlap-area": 0.7831981270535935}, "pitch_class_transition_matrix": {"ref_mean": 2.682986111111111, "ref_std": 5.5837551556901195, "gen_mean": 0.27631944444444445, "gen_std": 0.7533962423288604, "ref_KL-div": 0.1663553558746269, "ref_overlap-area": 0.774963463663517, "gen_KL-div": 48.125580260536964, "gen_overlap-area": 0.1410574171222629}, "pitch_range": {"ref_mean": 28.72, "ref_std": 5.926347947935558, "gen_mean": 23.31, "gen_std": 6.850832066252976, "ref_KL-div": 0.011265093267494142, "ref_overlap-area": 0.8449186975255475, "gen_KL-div": 0.013943038152785678, "gen_overlap-area": 0.9099626434009507}, "avg_IOI": {"ref_mean": 0.25419817001483386, "ref_std": 0.09848286087761432, "gen_mean": 0.32382368290295477, "gen_std": 0.16572602716946933, "ref_KL-div": 0.03557352257403659, "ref_overlap-area": 0.8192644092093557, "gen_KL-div": 0.01739193499152901, "gen_overlap-area": 0.8750355407547632}}, "BLEU": {}, "Pitch_accuracy": 47.93665912608644, "Pitch_perplexity": 3.1367803256436173, "Pitch_test-loss": 23.0295995534894, "Duration_accuracy": 81.70496487677104, "Duration_perplexity": 0.8372500547484916, "Duration_test-loss": 2.3100058448035576}