{"MGEval": {"total_used_pitch": {"ref_mean": 26.3, "ref_std": 6.442825467137846, "gen_mean": 33.2, "gen_std": 7.586830695356263, "ref_KL-div": 0.12431281069204103, "ref_overlap-area": 0.7120733941690843, "gen_KL-div": 0.08413890132141816, "gen_overlap-area": 0.7700217874722155}, "total_pitch_class_histogram": {"ref_mean": 0.08333333333333333, "ref_std": 0.057513884688446426, "gen_mean": 0.08333333333333333, "gen_std": 0.039381950663094425, "ref_KL-div": 0.008204250467855235, "ref_overlap-area": 0.8164823486743389, "gen_KL-div": 0.07877945141099629, "gen_overlap-area": 0.6139468429427785}, "pitch_class_transition_matrix": {"ref_mean": 4.004513888888889, "ref_std": 9.677417536737922, "gen_mean": 3.0322916666666666, "gen_std": 4.14209407901064, "ref_KL-div": 0.05876751941086714, "ref_overlap-area": 0.7333349533255304, "gen_KL-div": 6.571072326839619, "gen_overlap-area": 0.6872817724985344}, "pitch_range": {"ref_mean": 27.8, "ref_std": 5.9715994507334464, "gen_mean": 34.8, "gen_std": 7.8778169564924525, "ref_KL-div": 0.12514601907744555, "ref_overlap-area": 0.682757135708214, "gen_KL-div": 0.031956941241470624, "gen_overlap-area": 0.8323271400049218}, "avg_IOI": {"ref_mean": 0.25012762838788205, "ref_std": 0.08776547515044895, "gen_mean": 0.30556839485289233, "gen_std": 0.12519074490601545, "ref_KL-div": 0.046420104028078835, "ref_overlap-area": 0.8386706504454722, "gen_KL-div": 0.03417354549145932, "gen_overlap-area": 0.8407470067945192}}, "Pitch": {"Pitch_accuracy": 14.364976958525347, "Pitch_perplexity": 2.5401192421758423, "Pitch_test-loss": 12.681183012537183, "Pitch_BLEU": 0.21975392290476484}, "Duration": {"Duration_accuracy": 59.627649769585254, "Duration_perplexity": 2.9710223865104637, "Duration_test-loss": 19.51185806236189, "Duration_BLEU": 0.3943751734232417}}