{"MGEval": {}, "BLEU": {}, "Pitch_accuracy": 56.784347493302725, "Pitch_perplexity": 2.8835245274137784, "Pitch_test-loss": 17.87717085096265, "Duration_accuracy": 78.75621890547264, "Duration_perplexity": 1.1517687052610948, "Duration_test-loss": 3.1637837649347333}