{"MGEval": {"total_used_pitch": {"ref_mean": 27.42, "ref_std": 5.8960664853781966, "gen_mean": 16.1, "gen_std": 3.8665229858362418, "ref_KL-div": 0.14253845706733073, "ref_overlap-area": 0.649170141499476, "gen_KL-div": 0.10897589998966514, "gen_overlap-area": 0.45838659957300754}, "total_pitch_class_histogram": {"ref_mean": 0.08333333333333333, "ref_std": 0.053348452193789905, "gen_mean": 0.08333333333333333, "gen_std": 0.07810947503604974, "ref_KL-div": 0.011871328478326473, "ref_overlap-area": 0.6442230707870941, "gen_KL-div": 0.0500700296154777, "gen_overlap-area": 0.7639733437321611}, "pitch_class_transition_matrix": {"ref_mean": 2.682986111111111, "ref_std": 5.5837551556901195, "gen_mean": 0.3225, "gen_std": 1.0295060169269963, "ref_KL-div": 0.15321404977822778, "ref_overlap-area": 0.7874165873946345, "gen_KL-div": 74.81914440993249, "gen_overlap-area": 0.24618913918464996}, "pitch_range": {"ref_mean": 28.72, "ref_std": 5.926347947935558, "gen_mean": 22.88, "gen_std": 6.318670746288336, "ref_KL-div": 0.011698344859455548, "ref_overlap-area": 0.8525369839884648, "gen_KL-div": 0.0019502069647951946, "gen_overlap-area": 0.8836613630274418}, "avg_IOI": {"ref_mean": 0.25419817001483386, "ref_std": 0.09848286087761432, "gen_mean": 0.31198171321901674, "gen_std": 0.158382645552502, "ref_KL-div": 0.03990664550196497, "ref_overlap-area": 0.8343563511340357, "gen_KL-div": 0.017445324555220652, "gen_overlap-area": 0.8735213041909756}}, "BLEU": {}, "Pitch_accuracy": 46.92463388498631, "Pitch_perplexity": 3.306618264812207, "Pitch_test-loss": 27.292672643073544, "Duration_accuracy": 78.82486010239315, "Duration_perplexity": 1.1330657795401635, "Duration_test-loss": 3.1051616634088077}