{
    "MGEval": {
        "total_used_pitch": {
            "ref_mean": 26.3,
            "ref_std": 6.442825467137846,
            "gen_mean": 14.6,
            "gen_std": 3.411744421846396,
            "ref_KL-div": 0.09012351867500282,
            "ref_overlap-area": 0.6689947537537757,
            "gen_KL-div": 0.06827746454421788,
            "gen_overlap-area": 0.4084736445198991
        },
        "total_pitch_class_histogram": {
            "ref_mean": 0.08333333333333333,
            "ref_std": 0.057513884688446426,
            "gen_mean": 0.08333333333333333,
            "gen_std": 0.08552955453838983,
            "ref_KL-div": 0.3118655437352174,
            "ref_overlap-area": 0.4460537460208682,
            "gen_KL-div": 0.059164283241138316,
            "gen_overlap-area": 0.28071658463863447
        },
        "pitch_class_transition_matrix": {
            "ref_mean": 4.004513888888889,
            "ref_std": 9.677417536737922,
            "gen_mean": 1.3194444444444444,
            "gen_std": 3.8748705673325716,
            "ref_KL-div": 0.07277228456581933,
            "ref_overlap-area": 0.7352387457099523,
            "gen_KL-div": 0.18623263652093702,
            "gen_overlap-area": 0.41310614607089136
        },
        "pitch_range": {
            "ref_mean": 27.8,
            "ref_std": 5.9715994507334464,
            "gen_mean": 20.2,
            "gen_std": 2.5612496949731396,
            "ref_KL-div": 0.056843051783845244,
            "ref_overlap-area": 0.7711649350067897,
            "gen_KL-div": 0.045220279597291566,
            "gen_overlap-area": 0.48636416727163173
        },
        "avg_IOI": {
            "ref_mean": 0.25012762838788205,
            "ref_std": 0.08776547515044895,
            "gen_mean": 0.4243857875979482,
            "gen_std": 0.11636111645978352,
            "ref_KL-div": 0.05069002104489745,
            "ref_overlap-area": 0.6151502292234717,
            "gen_KL-div": 0.00472161959789269,
            "gen_overlap-area": 0.7786974172565876
        }
    },
    "Pitch": {
        "Pitch_accuracy": 13.929475587703436,
        "Pitch_perplexity": 71.83361733152601,
        "Pitch_test-loss": 4.274352574439005,
        "Pitch_BLEU": 0.21279005202372805
    },
    "Duration": {
        "Duration_accuracy": 58.627486437613015,
        "Duration_perplexity": 2.4394220647755387,
        "Duration_test-loss": 0.8917611525511091,
        "Duration_BLEU": 0.41280396221689813
    }
}