{"MGEval": {"total_used_pitch": {"ref_mean": 27.42, "ref_std": 5.8960664853781966, "gen_mean": 16.17, "gen_std": 3.5385166383669864, "ref_KL-div": 0.1416782478450725, "ref_overlap-area": 0.6514986650129825, "gen_KL-div": 0.17643461470127733, "gen_overlap-area": 0.4184215646971415}, "total_pitch_class_histogram": {"ref_mean": 0.08333333333333333, "ref_std": 0.053348452193789905, "gen_mean": 0.08333333333333333, "gen_std": 0.07880314989637953, "ref_KL-div": 0.019284365564609253, "ref_overlap-area": 0.6033013879462462, "gen_KL-div": 0.04207163300586955, "gen_overlap-area": 0.7635102011656653}, "pitch_class_transition_matrix": {"ref_mean": 2.682986111111111, "ref_std": 5.5837551556901195, "gen_mean": 0.32722222222222225, "gen_std": 1.0732909181865504, "ref_KL-div": 0.15344257657629454, "ref_overlap-area": 0.7908340838842914, "gen_KL-div": 76.01754652045447, "gen_overlap-area": 0.2560493063669577}, "pitch_range": {"ref_mean": 28.72, "ref_std": 5.926347947935558, "gen_mean": 23.52, "gen_std": 7.059008428950911, "ref_KL-div": 0.011064557226587706, "ref_overlap-area": 0.8448222721540702, "gen_KL-div": 0.00816814085737299, "gen_overlap-area": 0.9093895918356347}, "avg_IOI": {"ref_mean": 0.25419817001483386, "ref_std": 0.09848286087761432, "gen_mean": 0.3099806149340351, "gen_std": 0.15837173304142976, "ref_KL-div": 0.038261268695414324, "ref_overlap-area": 0.8353091830640424, "gen_KL-div": 0.017267380776353654, "gen_overlap-area": 0.873090713502019}}, "BLEU": {}, "Pitch_accuracy": 47.70686986546017, "Pitch_perplexity": 3.442463791364714, "Pitch_test-loss": 31.263891060917533, "Duration_accuracy": 78.86653172996785, "Duration_perplexity": 1.163970682593464, "Duration_test-loss": 3.2026246687211133}