{"MGEval": {"total_used_pitch": {"ref_mean": 27.42, "ref_std": 5.8960664853781966, "gen_mean": 15.35, "gen_std": 3.3056769352131194, "ref_KL-div": 0.23675894832483874, "ref_overlap-area": 0.6037885398771909, "gen_KL-div": 0.2357711922862229, "gen_overlap-area": 0.34990997641434973}, "total_pitch_class_histogram": {"ref_mean": 0.08333333333333333, "ref_std": 0.053348452193789905, "gen_mean": 0.08333333333333333, "gen_std": 0.07649224781813463, "ref_KL-div": 0.014480582195015149, "ref_overlap-area": 0.7089475700492721, "gen_KL-div": 0.02048297512843137, "gen_overlap-area": 0.7910088410048627}, "pitch_class_transition_matrix": {"ref_mean": 2.682986111111111, "ref_std": 5.5837551556901195, "gen_mean": 0.2754861111111111, "gen_std": 0.7357038673016842, "ref_KL-div": 0.1639722803669213, "ref_overlap-area": 0.7734643355080615, "gen_KL-div": 47.88451486737985, "gen_overlap-area": 0.13972581215196478}, "pitch_range": {"ref_mean": 28.72, "ref_std": 5.926347947935558, "gen_mean": 22.05, "gen_std": 6.272758563821821, "ref_KL-div": 0.01418285813659759, "ref_overlap-area": 0.8082977853037855, "gen_KL-div": 0.01768568319930171, "gen_overlap-area": 0.8425449574275379}, "avg_IOI": {"ref_mean": 0.25419817001483386, "ref_std": 0.09848286087761432, "gen_mean": 0.322488159890497, "gen_std": 0.16760642538590984, "ref_KL-div": 0.02420921028131351, "ref_overlap-area": 0.8233958018887727, "gen_KL-div": 0.01646397424305708, "gen_overlap-area": 0.8734175772416194}}, "BLEU": {}, "Pitch_accuracy": 50.337373455930155, "Pitch_perplexity": 2.924408665412973, "Pitch_test-loss": 18.623210244867472, "Duration_accuracy": 80.9761307699452, "Duration_perplexity": 0.913454977446498, "Duration_test-loss": 2.4929206563150035}