{"MGEval": {"total_used_pitch": {"ref_mean": 27.42, "ref_std": 5.8960664853781966, "gen_mean": 18.55, "gen_std": 3.2752862470324633, "ref_KL-div": 0.11614543103265063, "ref_overlap-area": 0.7733633367529359, "gen_KL-div": 0.05020175931475644, "gen_overlap-area": 0.5055721939325875}, "total_pitch_class_histogram": {"ref_mean": 0.08333333333333333, "ref_std": 0.053348452193789905, "gen_mean": 0.08333333333333333, "gen_std": 0.06548046770282892, "ref_KL-div": 0.04284081947871035, "ref_overlap-area": 0.8239396435736893, "gen_KL-div": 0.1121316335026267, "gen_overlap-area": 0.8454413606779729}, "pitch_class_transition_matrix": {"ref_mean": 2.682986111111111, "ref_std": 5.5837551556901195, "gen_mean": 0.3491666666666667, "gen_std": 0.752329253422699, "ref_KL-div": 0.16285306565277002, "ref_overlap-area": 0.7661689076935475, "gen_KL-div": 26.20299269170843, "gen_overlap-area": 0.1314209438697709}, "pitch_range": {"ref_mean": 28.72, "ref_std": 5.926347947935558, "gen_mean": 22.13, "gen_std": 4.934886016920756, "ref_KL-div": 0.004815529601545635, "ref_overlap-area": 0.859206567767693, "gen_KL-div": 0.010858957048597724, "gen_overlap-area": 0.7658420750641781}, "avg_IOI": {"ref_mean": 0.25419817001483386, "ref_std": 0.09848286087761432, "gen_mean": 0.33510828097532147, "gen_std": 0.17353999278023405, "ref_KL-div": 0.0314919130335585, "ref_overlap-area": 0.8064228188069261, "gen_KL-div": 0.02069580857937527, "gen_overlap-area": 0.873101923213276}}, "BLEU": {}, "Pitch_accuracy": 14.364976958525347, "Pitch_perplexity": 2.5401192421758423, "Pitch_test-loss": 12.681183012537183, "Duration_accuracy": 59.627649769585254, "Duration_perplexity": 2.9710223865104637, "Duration_test-loss": 19.51185806236189}