{"MGEval": {"total_used_pitch": {"ref_mean": 26.3, "ref_std": 6.442825467137846, "gen_mean": 32.95, "gen_std": 7.228243216715939, "ref_KL-div": 0.0334106023318167, "ref_overlap-area": 0.7782548887870078, "gen_KL-div": 0.013292406207390271, "gen_overlap-area": 0.8693162487713986}, "total_pitch_class_histogram": {"ref_mean": 0.08333333333333333, "ref_std": 0.057513884688446426, "gen_mean": 0.08333333333333333, "gen_std": 0.043260006512375, "ref_KL-div": 0.019818345264434684, "ref_overlap-area": 0.8102968970607017, "gen_KL-div": 0.024403038123534143, "gen_overlap-area": 0.6972415187752646}, "pitch_class_transition_matrix": {"ref_mean": 4.004513888888889, "ref_std": 9.677417536737922, "gen_mean": 3.076388888888889, "gen_std": 4.213783370465296, "ref_KL-div": 0.05637723988935968, "ref_overlap-area": 0.7373760613899766, "gen_KL-div": 6.176143883540684, "gen_overlap-area": 0.6856861852838526}, "pitch_range": {"ref_mean": 27.8, "ref_std": 5.9715994507334464, "gen_mean": 34.55, "gen_std": 7.546356736863159, "ref_KL-div": 0.0630106988309462, "ref_overlap-area": 0.7192717963395256, "gen_KL-div": 0.03860159736902681, "gen_overlap-area": 0.8738963696354678}, "avg_IOI": {"ref_mean": 0.25012762838788205, "ref_std": 0.08776547515044895, "gen_mean": 0.24967853147264005, "gen_std": 0.10583065888508275, "ref_KL-div": 0.09179381378011896, "ref_overlap-area": 0.8920027199899095, "gen_KL-div": 0.015106466377428927, "gen_overlap-area": 0.8874635347240649}}, "Pitch": {"Pitch_accuracy": 13.929475587703436, "Pitch_perplexity": 71.83361733152601, "Pitch_test-loss": 4.274352574439005, "Pitch_BLEU": 0.21279005202372805}, "Duration": {"Duration_accuracy": 58.627486437613015, "Duration_perplexity": 2.4394220647755387, "Duration_test-loss": 0.8917611525511091, "Duration_BLEU": 0.41280396221689813}}