{"MGEval": {}, "BLEU": {}, "Pitch_accuracy": 76.88042430086789, "Pitch_perplexity": 1.5743015565935985, "Pitch_test-loss": 4.827368796478707, "Duration_accuracy": 92.2463302260795, "Duration_perplexity": 0.4717678724339807, "Duration_test-loss": 1.6028252806094074}