{"MGEval": {"total_used_pitch": {"ref_mean": 27.42, "ref_std": 5.8960664853781966, "gen_mean": 4.21, "gen_std": 2.2373868686483345, "ref_KL-div": 2.348746049974061, "ref_overlap-area": 0.16985582207868205, "gen_KL-div": 1.88265831218349, "gen_overlap-area": 0.015219081288206074}, "total_pitch_class_histogram": {"ref_mean": 0.08333333333333333, "ref_std": 0.053348452193789905, "gen_mean": 0.08333333333333333, "gen_std": 0.16060571673198948, "ref_KL-div": 0.3764812607199854, "ref_overlap-area": 0.14352975090111486, "gen_KL-div": 0.533041392178213, "gen_overlap-area": 0.4827545392401348}, "pitch_class_transition_matrix": {"ref_mean": 2.682986111111111, "ref_std": 5.5837551556901195, "gen_mean": 0.13069444444444445, "gen_std": 0.9251889092217402, "ref_KL-div": 0.16406458646306557, "ref_overlap-area": 0.7900908186430534, "gen_KL-div": 91.77200306200912, "gen_overlap-area": 0.17315465511974226}, "pitch_range": {"ref_mean": 28.72, "ref_std": 5.926347947935558, "gen_mean": 5.07, "gen_std": 3.723586980318844, "ref_KL-div": 1.0699645282242152, "ref_overlap-area": 0.18031572322695333, "gen_KL-div": 0.9554888339822718, "gen_overlap-area": 0.07721784447320422}, "avg_IOI": {"ref_mean": 0.25419817001483386, "ref_std": 0.09848286087761432, "gen_mean": 0.21037996417224883, "gen_std": 0.10683430201741977, "ref_KL-div": 0.011035258172576303, "ref_overlap-area": 0.8873751313624164, "gen_KL-div": 0.08715440100079903, "gen_overlap-area": 0.8822345731967312}}, "BLEU": {}, "Pitch_accuracy": 20.548236859614104, "Pitch_perplexity": 4.14904713529577, "Pitch_test-loss": 63.37358506653317, "Duration_accuracy": 79.30180677110147, "Duration_perplexity": 2.9710223865104637, "Duration_test-loss": 19.51185806236189}