{"MGEval": {"total_used_pitch": {"ref_mean": 27.42, "ref_std": 5.8960664853781966, "gen_mean": 20.46, "gen_std": 3.22, "ref_KL-div": 0.0100401618560471, "ref_overlap-area": 0.8712023321831239, "gen_KL-div": 0.0760706409152826, "gen_overlap-area": 0.5778611414217901}, "total_pitch_class_histogram": {"ref_mean": 0.08333333333333333, "ref_std": 0.053348452193789905, "gen_mean": 0.08333333333333333, "gen_std": 0.06279726036090992, "ref_KL-div": 0.08379933772011959, "ref_overlap-area": 0.7947723004383733, "gen_KL-div": 0.2193943279022642, "gen_overlap-area": 0.8439312146506687}, "pitch_class_transition_matrix": {"ref_mean": 2.682986111111111, "ref_std": 5.5837551556901195, "gen_mean": 0.35229166666666667, "gen_std": 0.7298127792169258, "ref_KL-div": 0.1603383756964182, "ref_overlap-area": 0.7713571176571616, "gen_KL-div": 39.14650984126874, "gen_overlap-area": 0.10337412023130903}, "pitch_range": {"ref_mean": 28.72, "ref_std": 5.926347947935558, "gen_mean": 30.01, "gen_std": 6.306338081644529, "ref_KL-div": 0.011883199627458228, "ref_overlap-area": 0.939557737611642, "gen_KL-div": 0.0018172132271607796, "gen_overlap-area": 0.9526412688674774}, "avg_IOI": {"ref_mean": 0.25419817001483386, "ref_std": 0.09848286087761432, "gen_mean": 0.34617779299143314, "gen_std": 0.1746674482042892, "ref_KL-div": 0.06605870660975101, "ref_overlap-area": 0.75846983849319, "gen_KL-div": 0.0183943332890912, "gen_overlap-area": 0.8795147914733944}}, "BLEU": {}, "Pitch_accuracy": 74.8078848957343, "Pitch_perplexity": 1.5275034435985535, "Pitch_test-loss": 4.606661663493739, "Duration_accuracy": 87.83018151439204, "Duration_perplexity": 0.34025993498602675, "Duration_test-loss": 1.4053128330635107}