{"MGEval": {"total_used_pitch": {"ref_mean": 27.42, "ref_std": 5.8960664853781966, "gen_mean": 14.54, "gen_std": 3.034534560686367, "ref_KL-div": 0.3258822332871968, "ref_overlap-area": 0.5606897960075625, "gen_KL-div": 0.21475014683960342, "gen_overlap-area": 0.28501281434182174}, "total_pitch_class_histogram": {"ref_mean": 0.08333333333333333, "ref_std": 0.053348452193789905, "gen_mean": 0.08333333333333333, "gen_std": 0.10607848829201075, "ref_KL-div": 0.03766718606424494, "ref_overlap-area": 0.31745334414223797, "gen_KL-div": 0.10723563489448264, "gen_overlap-area": 0.4538168034685643}, "pitch_class_transition_matrix": {"ref_mean": 2.682986111111111, "ref_std": 5.5837551556901195, "gen_mean": 0.3625, "gen_std": 1.7055821342482063, "ref_KL-div": 0.21547526137278417, "ref_overlap-area": 0.8101789042420223, "gen_KL-div": 24.2213062406295, "gen_overlap-area": 0.05394287889711949}, "pitch_range": {"ref_mean": 28.72, "ref_std": 5.926347947935558, "gen_mean": 19.64, "gen_std": 4.028697059844535, "ref_KL-div": 0.018642825217204922, "ref_overlap-area": 0.7706863529595281, "gen_KL-div": 0.015585364687534176, "gen_overlap-area": 0.6100683635561597}, "avg_IOI": {"ref_mean": 0.25419817001483386, "ref_std": 0.09848286087761432, "gen_mean": 0.29648946212423666, "gen_std": 0.14861632768133978, "ref_KL-div": 0.034072098798329856, "ref_overlap-area": 0.8570223341600909, "gen_KL-div": 0.01609308297535219, "gen_overlap-area": 0.8778864610473344}}, "BLEU": {}, "Pitch_accuracy": 2.049053458745089, "Pitch_perplexity": NaN, "Pitch_test-loss": NaN, "Duration_accuracy": 38.60221454935112, "Duration_perplexity": NaN, "Duration_test-loss": NaN}