{"MGEval": {}, "BLEU": {}, "Pitch_accuracy": 77.56562734383371, "Pitch_perplexity": 1.473112517983257, "Pitch_test-loss": 4.362793302718005, "Duration_accuracy": 91.88417443480125, "Duration_perplexity": 0.44163318084861747, "Duration_test-loss": 1.5552451420840934}