{"MGEval": {"total_used_pitch": {"ref_mean": 27.42, "ref_std": 5.8960664853781966, "gen_mean": 16.54, "gen_std": 3.7427797156658844, "ref_KL-div": 0.13572245875606148, "ref_overlap-area": 0.6672230539914131, "gen_KL-div": 0.2030683583895109, "gen_overlap-area": 0.4593157937489342}, "total_pitch_class_histogram": {"ref_mean": 0.08333333333333333, "ref_std": 0.053348452193789905, "gen_mean": 0.08333333333333333, "gen_std": 0.08071606368231853, "ref_KL-div": 0.011875147309316474, "ref_overlap-area": 0.5824925403822218, "gen_KL-div": 0.07239415241718414, "gen_overlap-area": 0.7491184895139831}, "pitch_class_transition_matrix": {"ref_mean": 2.682986111111111, "ref_std": 5.5837551556901195, "gen_mean": 0.3465972222222222, "gen_std": 1.1690788534345489, "ref_KL-div": 0.15950951505250655, "ref_overlap-area": 0.7949989594815076, "gen_KL-div": 80.45739630198112, "gen_overlap-area": 0.29853813460420325}, "pitch_range": {"ref_mean": 28.72, "ref_std": 5.926347947935558, "gen_mean": 25.22, "gen_std": 7.594181983597706, "ref_KL-div": 0.020381661517674662, "ref_overlap-area": 0.8554689066159252, "gen_KL-div": 0.02038469983650433, "gen_overlap-area": 0.9145342776886773}, "avg_IOI": {"ref_mean": 0.25419817001483386, "ref_std": 0.09848286087761432, "gen_mean": 0.30349249384460814, "gen_std": 0.15452997567879007, "ref_KL-div": 0.03414969923359383, "ref_overlap-area": 0.8448619315476156, "gen_KL-div": 0.01654285400568374, "gen_overlap-area": 0.8732761344388216}}, "BLEU": {}, "Pitch_accuracy": 2.8975114864685416, "Pitch_perplexity": 3.312590635990328, "Pitch_test-loss": 27.45616233915315, "Duration_accuracy": 73.84212842959847, "Duration_perplexity": 0.7417146409528793, "Duration_test-loss": 2.099532374142309}