{"MGEval": {}, "BLEU": {}, "Pitch_accuracy": 2.9899624590644054, "Pitch_perplexity": 4.078216691138867, "Pitch_test-loss": 59.040089200453615, "Duration_accuracy": 75.44578254151236, "Duration_perplexity": 0.7875607831507974, "Duration_test-loss": 2.198028414101927}