{"MGEval": {"total_used_pitch": {"ref_mean": 27.42, "ref_std": 5.8960664853781966, "gen_mean": 14.17, "gen_std": 3.171923706522589, "ref_KL-div": 0.336081117165647, "ref_overlap-area": 0.5436509200607864, "gen_KL-div": 0.24685624146985422, "gen_overlap-area": 0.2850275858590778}, "total_pitch_class_histogram": {"ref_mean": 0.08333333333333333, "ref_std": 0.053348452193789905, "gen_mean": 0.08333333333333333, "gen_std": 0.07922488740222582, "ref_KL-div": 0.012763575321342395, "ref_overlap-area": 0.6996905049481134, "gen_KL-div": 0.009776069088995944, "gen_overlap-area": 0.7851695719566967}, "pitch_class_transition_matrix": {"ref_mean": 2.682986111111111, "ref_std": 5.5837551556901195, "gen_mean": 0.22416666666666665, "gen_std": 0.6116002461666534, "ref_KL-div": 0.15382132488728842, "ref_overlap-area": 0.7776314133759366, "gen_KL-div": 20.883165949054373, "gen_overlap-area": 0.11345856727762489}, "pitch_range": {"ref_mean": 28.72, "ref_std": 5.926347947935558, "gen_mean": 18.12, "gen_std": 4.176793028149707, "ref_KL-div": 0.058532342982685795, "ref_overlap-area": 0.6894067445304833, "gen_KL-div": 0.040865664915342624, "gen_overlap-area": 0.5411036100732795}, "avg_IOI": {"ref_mean": 0.25419817001483386, "ref_std": 0.09848286087761432, "gen_mean": 0.344028214073856, "gen_std": 0.18149287166935685, "ref_KL-div": 0.02782981345014373, "ref_overlap-area": 0.7849179440216205, "gen_KL-div": 0.015946616940321658, "gen_overlap-area": 0.8767742007968216}}, "BLEU": {}, "Pitch_accuracy": 68.89876205665679, "Pitch_perplexity": 1.1142369841861952, "Pitch_test-loss": 3.0472421979297777, "Duration_accuracy": 87.53854332801701, "Duration_perplexity": 0.31535592000818213, "Duration_test-loss": 1.3707471004640372}