{"MGEval": {"total_used_pitch": {"ref_mean": 27.42, "ref_std": 5.8960664853781966, "gen_mean": 14.6, "gen_std": 3.0692018506445615, "ref_KL-div": 0.37824478061746764, "ref_overlap-area": 0.5627086937550096, "gen_KL-div": 0.1849028823275217, "gen_overlap-area": 0.28988962255117334}, "total_pitch_class_histogram": {"ref_mean": 0.08333333333333333, "ref_std": 0.053348452193789905, "gen_mean": 0.08333333333333333, "gen_std": 0.07858354217898847, "ref_KL-div": 0.011239290052078242, "ref_overlap-area": 0.6570998894246554, "gen_KL-div": 0.06998025433620836, "gen_overlap-area": 0.7657708267984861}, "pitch_class_transition_matrix": {"ref_mean": 2.682986111111111, "ref_std": 5.5837551556901195, "gen_mean": 0.29194444444444445, "gen_std": 0.8461787289680737, "ref_KL-div": 0.1578921494162365, "ref_overlap-area": 0.7750505149039736, "gen_KL-div": 75.19466363380643, "gen_overlap-area": 0.15493471006103576}, "pitch_range": {"ref_mean": 28.72, "ref_std": 5.926347947935558, "gen_mean": 18.43, "gen_std": 4.114012639747234, "ref_KL-div": 0.046472476798785245, "ref_overlap-area": 0.7057023741449071, "gen_KL-div": 0.03187748856305181, "gen_overlap-area": 0.5497509793174382}, "avg_IOI": {"ref_mean": 0.25419817001483386, "ref_std": 0.09848286087761432, "gen_mean": 0.3167729980387254, "gen_std": 0.16192429699065175, "ref_KL-div": 0.03339507125491665, "ref_overlap-area": 0.8305388364638476, "gen_KL-div": 0.01684684085995851, "gen_overlap-area": 0.8737428806482697}}, "BLEU": {}, "Pitch_accuracy": 73.49813928761297, "Pitch_perplexity": 0.8358928481720099, "Pitch_test-loss": 2.3068728162436845, "Duration_accuracy": 93.18447634237108, "Duration_perplexity": 0.2943833290259721, "Duration_test-loss": 1.3422983469780563}