{"MGEval": {"total_used_pitch": {"ref_mean": 27.42, "ref_std": 5.8960664853781966, "gen_mean": 31.28, "gen_std": 3.949886074306448, "ref_KL-div": 0.003982200468069132, "ref_overlap-area": 0.9422786640803761, "gen_KL-div": 0.008170535045258026, "gen_overlap-area": 0.7823813689414144}, "total_pitch_class_histogram": {"ref_mean": 0.08333333333333333, "ref_std": 0.053348452193789905, "gen_mean": 0.08333333333333333, "gen_std": 0.04104602836830154, "ref_KL-div": 0.029466013402307714, "ref_overlap-area": 0.8602958207019772, "gen_KL-div": 0.12146606470741923, "gen_overlap-area": 0.8079041116886359}, "pitch_class_transition_matrix": {"ref_mean": 2.682986111111111, "ref_std": 5.5837551556901195, "gen_mean": 2.440486111111111, "gen_std": 3.1796771826583607, "ref_KL-div": 0.15359295070078788, "ref_overlap-area": 0.7703689086194055, "gen_KL-div": 87.1687873034159, "gen_overlap-area": 0.7063405024838795}, "pitch_range": {"ref_mean": 28.72, "ref_std": 5.926347947935558, "gen_mean": 32.44, "gen_std": 4.343546937699649, "ref_KL-div": 0.012186727664238537, "ref_overlap-area": 0.9152453286484307, "gen_KL-div": 0.023877866616244758, "gen_overlap-area": 0.7930875443076257}, "avg_IOI": {"ref_mean": 0.25419817001483386, "ref_std": 0.09848286087761432, "gen_mean": 0.30864010385971163, "gen_std": 0.1425719641272414, "ref_KL-div": 0.01978739602896884, "ref_overlap-area": 0.8497741730062192, "gen_KL-div": 0.015304231163788764, "gen_overlap-area": 0.8900068851451919}}, "BLEU": {}, "Pitch_accuracy": 14.364976958525347, "Pitch_perplexity": 4.14904713529577, "Pitch_test-loss": 63.37358506653317, "Duration_accuracy": 59.627649769585254, "Duration_perplexity": 2.9710223865104637, "Duration_test-loss": 19.51185806236189}